{
  "Add Inventory" : {
    "transaction" : "Add Inventory",
    "sampleCount" : 20,
    "errorCount" : 19,
    "errorPct" : 95.0,
    "meanResTime" : 31.10000000000001,
    "medianResTime" : 18.5,
    "minResTime" : 9.0,
    "maxResTime" : 122.0,
    "pct1ResTime" : 94.0,
    "pct2ResTime" : 120.59999999999998,
    "pct3ResTime" : 122.0,
    "throughput" : 22.547914317925592,
    "receivedKBytesPerSec" : 5.44871230270575,
    "sentKBytesPerSec" : 9.138070744081173
  },
  "Search Flight" : {
    "transaction" : "Search Flight",
    "sampleCount" : 20,
    "errorCount" : 0,
    "errorPct" : 0.0,
    "meanResTime" : 17.9,
    "medianResTime" : 17.0,
    "minResTime" : 9.0,
    "maxResTime" : 36.0,
    "pct1ResTime" : 25.0,
    "pct2ResTime" : 35.44999999999999,
    "pct3ResTime" : 36.0,
    "throughput" : 25.031289111389235,
    "receivedKBytesPerSec" : 65.34290910513141,
    "sentKBytesPerSec" : 6.844493116395494
  },
  "Cancel ticket" : {
    "transaction" : "Cancel ticket",
    "sampleCount" : 20,
    "errorCount" : 0,
    "errorPct" : 0.0,
    "meanResTime" : 20.949999999999996,
    "medianResTime" : 19.5,
    "minResTime" : 12.0,
    "maxResTime" : 36.0,
    "pct1ResTime" : 29.900000000000002,
    "pct2ResTime" : 35.699999999999996,
    "pct3ResTime" : 36.0,
    "throughput" : 31.007751937984494,
    "receivedKBytesPerSec" : 1.937984496124031,
    "sentKBytesPerSec" : 7.8730620155038755
  },
  "Total" : {
    "transaction" : "Total",
    "sampleCount" : 120,
    "errorCount" : 36,
    "errorPct" : 30.0,
    "meanResTime" : 27.441666666666656,
    "medianResTime" : 19.0,
    "minResTime" : 7.0,
    "maxResTime" : 122.0,
    "pct1ResTime" : 70.60000000000002,
    "pct2ResTime" : 84.44999999999987,
    "pct3ResTime" : 116.11999999999978,
    "throughput" : 125.0,
    "receivedKBytesPerSec" : 392.5140380859375,
    "sentKBytesPerSec" : 39.65250651041667
  },
  "Get Ticket history by email" : {
    "transaction" : "Get Ticket history by email",
    "sampleCount" : 20,
    "errorCount" : 0,
    "errorPct" : 0.0,
    "meanResTime" : 47.24999999999999,
    "medianResTime" : 39.5,
    "minResTime" : 24.0,
    "maxResTime" : 74.0,
    "pct1ResTime" : 72.9,
    "pct2ResTime" : 73.95,
    "pct3ResTime" : 74.0,
    "throughput" : 28.49002849002849,
    "receivedKBytesPerSec" : 432.2874933226496,
    "sentKBytesPerSec" : 5.119301994301995
  },
  "Get Ticket Details by PNR" : {
    "transaction" : "Get Ticket Details by PNR",
    "sampleCount" : 20,
    "errorCount" : 0,
    "errorPct" : 0.0,
    "meanResTime" : 10.250000000000002,
    "medianResTime" : 9.0,
    "minResTime" : 7.0,
    "maxResTime" : 20.0,
    "pct1ResTime" : 18.60000000000001,
    "pct2ResTime" : 19.95,
    "pct3ResTime" : 20.0,
    "throughput" : 28.694404591104735,
    "receivedKBytesPerSec" : 14.82357424677188,
    "sentKBytesPerSec" : 4.65163199426112
  },
  "Book Ticket" : {
    "transaction" : "Book Ticket",
    "sampleCount" : 20,
    "errorCount" : 17,
    "errorPct" : 85.0,
    "meanResTime" : 37.2,
    "medianResTime" : 23.5,
    "minResTime" : 15.0,
    "maxResTime" : 87.0,
    "pct1ResTime" : 86.80000000000001,
    "pct2ResTime" : 87.0,
    "pct3ResTime" : 87.0,
    "throughput" : 25.70694087403599,
    "receivedKBytesPerSec" : 6.071507471079691,
    "sentKBytesPerSec" : 16.167255784061695
  }
}